0.0028396603	0.003088405	0.6604133	0.0031240103	0.004412665	0.0028186839	0.0031019528	0.004532538	0.3110422	0.0046265377	
0.0074779824	0.008133028	0.008474613	0.008226791	0.011620334	0.0074227424	0.008168706	0.011936005	0.91635627	0.012183538	
0.0017525553	0.0019060732	0.0019861276	0.0019280477	0.98103637	0.0017396092	0.0019144346	0.0027973412	0.002084096	0.0028553586	
0.0035798089	0.44438305	0.0040569087	0.0039382735	0.28240216	0.0035533647	0.003910467	0.005713927	0.14608133	0.10238071	
0.0054865708	0.0059671756	0.93832415	0.0060359696	0.008525808	0.0054460415	0.0059933523	0.0087574115	0.0065244962	0.008939022	
0.0014977296	0.0016289256	0.0016973398	0.0016477049	0.98379374	0.0014866658	0.0016360712	0.0023906024	0.0017810635	0.0024401846	
0.0016151597	0.0017566421	0.0018304205	0.0017768939	0.9825231	0.0016032285	0.001764348	0.0025780392	0.0019207085	0.0026315101	
0.0032935953	0.09219549	0.00373255	0.8742534	0.005118046	0.0032692654	0.0035978167	0.005257074	0.003916663	0.0053661065	
0.0020089054	0.0021848786	0.0022766427	0.0022100674	0.97826254	0.0019940657	0.002194463	0.0032065152	0.0023889414	0.0032730184	
0.002839641	0.0030883837	0.0032180948	0.0031239889	0.8938184	0.0028186645	0.078556985	0.0045324955	0.0033768318	0.004626498	
0.005486463	0.0059670587	0.006217673	0.006035851	0.008525635	0.005445935	0.0059932345	0.9408649	0.006524368	0.008938857	
0.08081131	0.087890096	0.09158146	0.08890336	0.12557584	0.08021435	0.08827565	0.12898692	0.09609883	0.13166216	
0.003293588	0.0035820953	0.003732542	0.003623392	0.0051180413	0.96251273	0.003597809	0.005257063	0.0039166547	0.0053660953	
0.0028396407	0.22742051	0.0032180946	0.0031239886	0.0044126334	0.74334735	0.0031019317	0.0045325	0.0033768315	0.0046265083	
0.3775186	0.004712158	0.0049100667	0.004766483	0.2531138	0.33111924	0.004732829	0.0069155465	0.0051522627	0.0070589758	
0.002839651	0.0030883946	0.0032181062	0.0031239998	0.004412647	0.17140634	0.0031019428	0.80080557	0.0033768439	0.0046265204	
0.002353112	0.0025592365	0.0026667237	0.0025887412	0.0036565964	0.7014686	0.0025704633	0.27550444	0.0027982634	0.0038338203	
0.0035797965	0.0038933745	0.004056895	0.00393826	0.00556281	0.0035533526	0.9596122	0.005713898	0.004257007	0.005832399	
0.0063292193	0.0068836375	0.007172748	0.006962997	0.00983523	0.52830774	0.40656754	0.010102406	0.0075265537	0.010311936	
0.24438499	0.005265865	0.0054870294	0.0053265737	0.007523777	0.004805979	0.005288965	0.007728151	0.005757685	0.708431	
0.0048417505	0.0052658715	0.0054870364	0.0053265803	0.007523791	0.004805985	0.0052889716	0.30487508	0.6486965	0.007888448	
0.5227472	0.0028892315	0.0030105785	0.0029225408	0.0041280845	0.002636905	0.002901906	0.004240218	0.0031590795	0.45136428	
0.6173567	0.0068837893	0.007172906	0.00696315	0.009835438	0.006282604	0.0069139865	0.16370448	0.0075267195	0.16736019	
0.016416224	0.8147115	0.0186041	0.018060064	0.02550981	0.016294956	0.017932551	0.026202748	0.019521773	0.026746241	
0.0074779857	0.008133031	0.008474616	0.008226795	0.011620339	0.0074227457	0.008168709	0.9193996	0.008892639	0.0121835545	
0.0018304164	0.0019907546	0.0020743657	0.0020137054	0.9801939	0.0018168951	0.0019994876	0.0029216206	0.0021766867	0.0029822143	
0.004841837	0.005265965	0.005487134	0.82073873	0.0075239255	0.00480607	0.0052890657	0.13240092	0.0057577947	0.0078885835	
0.005486455	0.0059670494	0.0062176636	0.67652845	0.008525621	0.0054459265	0.0059932256	0.008757227	0.2681395	0.008938869	
0.0028396754	0.0030884214	0.003218134	0.0031240268	0.38006455	0.0028186988	0.0031019694	0.27352148	0.003376873	0.32484612	
0.003920382	0.0042637936	0.0044428715	0.48855057	0.0060920436	0.0038914217	0.004282498	0.006257526	0.47191164	0.0063873054	
0.005486543	0.26081023	0.41208413	0.0060359384	0.008525757	0.0054460135	0.005993321	0.28015468	0.0065244627	0.008938974	
0.0022259846	0.002420973	0.0025226532	0.0024488838	0.7472923	0.0022095412	0.0024315934	0.003553015	0.0026470865	0.23224801	
0.0028396612	0.0030884056	0.0032181176	0.003124011	0.0044126646	0.0028186846	0.0031019538	0.96939313	0.0033768557	0.004626532	
0.0019155091	0.002083301	0.002170799	0.002107319	0.97927314	0.0019013593	0.0020924401	0.0030574403	0.0022778767	0.0031208517	
0.0039203763	0.004263788	0.0044428655	0.16106014	0.49342683	0.3112967	0.004282492	0.00625752	0.004662016	0.006387305	
0.0024956428	0.0027142523	0.1792021	0.002745544	0.79662186	0.0024772072	0.002726159	0.003983423	0.0029677574	0.0040660505	
0.0019155246	0.002083318	0.0021708165	0.002107336	0.97927296	0.0019013747	0.002092457	0.003057469	0.002277895	0.0031208803	
0.0063293236	0.19440795	0.007172866	0.0069631115	0.009835385	0.006282569	0.0069139483	0.0101025505	0.0075266776	0.74446565	
0.0043326393	0.0047121635	0.004910073	0.004766489	0.006732658	0.004300634	0.0047328346	0.006915555	0.95153797	0.007058985	
0.007477949	0.008132991	0.008474574	0.008226754	0.011620278	0.007422709	0.4496429	0.011935931	0.008892595	0.47817332	
0.116608806	0.0047121425	0.0049100514	0.52383125	0.0067326277	0.004300615	0.0047328137	0.006915515	0.32019728	0.007058948	
0.0074779326	0.008132974	0.008474556	0.008226736	0.011620252	0.007422693	0.008168651	0.011935906	0.008892575	0.9196477	
0.0035798028	0.0038933812	0.004056902	0.003938267	0.0055627963	0.0035533588	0.65276164	0.0057139187	0.0042570145	0.31268293	
0.0019155146	0.0020833071	0.0021708054	0.002107325	0.0029765985	0.9781978	0.002092446	0.00305745	0.0022778832	0.0031208624	
0.0043326006	0.0047121216	0.004910029	0.004766446	0.0067326035	0.22283426	0.0047327923	0.0069154915	0.73300475	0.007058918	
0.003920426	0.004263842	0.004442922	0.0043129986	0.006092109	0.003891466	0.004282546	0.5426499	0.004662075	0.42148164	
0.0016151664	0.0017566495	0.0018304281	0.0017769013	0.12603083	0.85809535	0.0017643555	0.0025780508	0.0019207165	0.0026315202	
0.0032936581	0.0035821714	0.0037326214	0.003623469	0.005118147	0.003269328	0.0035978854	0.005257191	0.003916738	0.9646088	
0.00632927	0.0068836925	0.0071728053	0.17370062	0.009835301	0.006282516	0.006913889	0.010102466	0.007526614	0.7652528	
0.0030499133	0.2853156	0.0034563914	0.003355317	0.14738119	0.0030273837	0.0033316265	0.0048681195	0.0036268828	0.54258764	
0.34259418	0.0068836585	0.00717277	0.0069630183	0.009835255	0.0062824846	0.59232765	0.0101024285	0.0075265765	0.010311974	
0.0054865545	0.005967158	0.0062177763	0.0060359514	0.008525773	0.005446025	0.005993334	0.9408639	0.0065244767	0.008939036	
0.0048417267	0.5162374	0.005487009	0.434441	0.0075237495	0.004805961	0.0052889455	0.007728127	0.0057576634	0.007888418	
0.0043326025	0.0047121234	0.004910031	0.6461602	0.0067326017	0.0043005976	0.004732794	0.0069154873	0.005152225	0.31205133	
0.0023531837	0.0025593147	0.002666805	0.0025888202	0.85200244	0.0023358008	0.0025705418	0.003756043	0.12533312	0.0038339444	
0.0043326193	0.0047121416	0.11850239	0.0047664666	0.2580331	0.0043006144	0.0047328128	0.5884087	0.005152245	0.0070589534	
0.0028396293	0.003088371	0.0032180815	0.0031239758	0.6961734	0.002818653	0.0031019188	0.0045324853	0.27647698	0.00462649	
0.0016151695	0.0017566527	0.0018304315	0.0017769047	0.9825229	0.0016032382	0.0017643587	0.0025780625	0.0019207201	0.002631524	
0.0024956588	0.00271427	0.35120028	0.002745562	0.0038781043	0.0024772233	0.0027261768	0.3734132	0.25428346	0.0040660733	
0.5703408	0.0035821374	0.003732586	0.0036234348	0.005118104	0.003269297	0.0035978514	0.0052571325	0.3961124	0.0053661624	
0.0039203833	0.004263795	0.004442873	0.004312951	0.0060920483	0.5207358	0.004282499	0.006257525	0.004662024	0.44103009	
0.0054864376	0.005967031	0.006217644	0.006035823	0.008525592	0.005445909	0.0059932065	0.008757187	0.93863237	0.008938828	
0.002111894	0.5189333	0.0023933572	0.07111427	0.0032817582	0.0020962935	0.0023069645	0.39180994	0.0025114128	0.0034408162	
0.011739097	0.0127674015	0.013303628	0.012914593	0.30315545	0.01165238	0.0128234085	0.5885582	0.013959848	0.019125976	
0.14317305	0.0028892609	0.29686713	0.0029225703	0.0041281283	0.0026369318	0.5356554	0.004240262	0.0031591114	0.004328212	
0.003293628	0.0035821386	0.0037325872	0.003623436	0.7900138	0.003269298	0.0035978525	0.17960437	0.0039167022	0.0053661675	
0.0054864706	0.0059670666	0.20839474	0.006035859	0.544874	0.0054459423	0.19957544	0.008757238	0.0065243775	0.008938881	
0.0063293125	0.0068837386	0.007172853	0.0069630994	0.009835389	0.006282558	0.0069139358	0.010102573	0.0075266645	0.9319899	
0.0032935804	0.0035820866	0.0037325332	0.9628669	0.005118023	0.0032692507	0.0035978004	0.005257047	0.0039166454	0.0053660804	
0.003293632	0.003582143	0.0037325916	0.8676393	0.0051181037	0.003269302	0.003597857	0.005257135	0.003916707	0.100593224	
0.0043326863	0.0047122147	0.004910126	0.21685329	0.006732734	0.14831683	0.004732886	0.006915623	0.0051523247	0.5973413	
0.0048417724	0.005265895	0.0054870606	0.005326604	0.0075238235	0.0048060063	0.0052889953	0.94781363	0.005757718	0.00788848	
0.004841761	0.0052658827	0.005487048	0.5311521	0.4217838	0.0048059947	0.0052889828	0.007728186	0.0057577044	0.007888466	
0.0674467	0.002420973	0.0025226532	0.0024488838	0.45937493	0.4535275	0.0024315934	0.003553015	0.0026470865	0.003626702	
0.0016151556	0.0017566377	0.0018304159	0.0017768895	0.0025098573	0.9816165	0.0017643437	0.0025780331	0.0019207038	0.0026315055	
0.006329253	0.006883674	0.0071727857	0.0069630337	0.009835273	0.0062824986	0.0069138706	0.010102434	0.31475133	0.6247659	
0.006329266	0.006883688	0.0071728	0.0069630477	0.009835294	0.0062825116	0.006913885	0.010102499	0.0075266086	0.9319904	
0.0035798198	0.0038933996	0.57145154	0.0039382856	0.20691156	0.0035533756	0.003910479	0.0057139355	0.19121517	0.005832448	
0.0035798019	0.0038933803	0.0040569007	0.003938266	0.0055628056	0.003553358	0.0039104596	0.13669571	0.8289769	0.0058324197	
0.004332612	0.0047121337	0.78064215	0.0047664586	0.0067326156	0.004300607	0.004732805	0.006915504	0.17580612	0.0070589357	
0.003293609	0.0035821178	0.51828027	0.003623415	0.0051180706	0.0032692791	0.0035978316	0.0052571013	0.17338286	0.28059542	
0.003579805	0.39591473	0.0040569045	0.0039382693	0.30232152	0.003553361	0.27083203	0.005713932	0.004257017	0.005832422	
0.0920661	0.0022968862	0.0023933547	0.0023233662	0.38330513	0.50598514	0.0023069622	0.0033708962	0.0025114103	0.003440812	
0.0017525568	0.0019060747	0.0019861292	0.0019280493	0.9810363	0.0017396106	0.0019144361	0.0027973515	0.0020840978	0.0028553742	
0.004332623	0.0047121462	0.0049100546	0.23800546	0.006732641	0.004300618	0.5506347	0.00691553	0.17239729	0.0070589525	
0.34548682	0.003582172	0.0037326221	0.00362347	0.005118149	0.2983319	0.0035978863	0.327244	0.003916739	0.005366217	
0.27145174	0.0035821386	0.288943	0.003623436	0.005118101	0.40914378	0.0035978525	0.005257132	0.0039167022	0.0053661624	
0.003293628	0.0035821386	0.0037325872	0.003623436	0.4611365	0.003269298	0.0035978525	0.5084817	0.0039167022	0.005366162	
0.0030498067	0.0033169591	0.0034562703	0.0033551995	0.7289402	0.0030272778	0.00333151	0.0048679574	0.24168587	0.004968929	
0.0024956756	0.21375392	0.0028282872	0.0027455804	0.76195574	0.00247724	0.0027261951	0.0039834846	0.0029677965	0.004066094	
0.9507187	0.0047121323	0.00491004	0.0047664572	0.006732613	0.0043006055	0.0047328034	0.0069154957	0.005152235	0.007058966	
0.011739189	0.012767501	0.013303732	0.012914694	0.018241983	0.0116524715	0.8675568	0.0187375	0.013959957	0.019126147	
0.004841759	0.0052658804	0.0054870453	0.2852532	0.0075238077	0.004805993	0.665448	0.00772819	0.0057577016	0.007888469	
0.8132717	0.017854383	0.01860426	0.01806022	0.025510032	0.016295098	0.017932706	0.026202973	0.019521942	0.026746677	
0.011739256	0.57993114	0.013303808	0.0129147675	0.018242087	0.011652538	0.012823583	0.018737629	0.30152896	0.019126238	
0.0048417603	0.0052658822	0.005487047	0.6574578	0.0075238016	0.004805994	0.0052889823	0.007728187	0.29371202	0.007888465	
0.006329259	0.19791524	0.007172792	0.00696304	0.009835282	0.0062825046	0.006913877	0.010102443	0.73817354	0.010311972	
0.004841742	0.0052658617	0.005487026	0.7604406	0.0075237737	0.004805976	0.005288962	0.00772815	0.19072947	0.007888443	
0.0028396163	0.003088357	0.0032180669	0.9679851	0.0044125984	0.00281864	0.0031019049	0.0045324536	0.0033768027	0.004626464	
0.23619372	0.0059670275	0.0062176404	0.7074366	0.008525585	0.0054459064	0.0059932033	0.00875717	0.006524334	0.008938797	
0.0039203856	0.2827818	0.0044428757	0.43426168	0.006092041	0.0038914257	0.004282502	0.0062575256	0.004662027	0.24940771	
0.003049826	0.0033169803	0.6069304	0.003355221	0.004739246	0.0030272969	0.003331531	0.004867984	0.0036267787	0.36375478	
0.016416201	0.017854204	0.018604076	0.01806004	0.025509777	0.016294936	0.017932527	0.026202716	0.019521747	0.8236038	
0.0035797914	0.0038933686	0.004056889	0.5218622	0.005562783	0.0035533474	0.003910448	0.0057138894	0.0042570005	0.4436103	
0.9149415	0.00813304	0.008474625	0.0082268035	0.011620357	0.0074227536	0.008168718	0.011936001	0.008892648	0.012183561	
0.0054864543	0.0059670485	0.12713559	0.43280846	0.008525616	0.3898632	0.0059932247	0.008757218	0.0065243575	0.008938835	
0.0017525619	0.0019060803	0.001986135	0.0019280548	0.9810363	0.0017396157	0.0019144417	0.0027973517	0.0020841039	0.0028553745	
0.0016810542	0.0018283088	0.0019050972	0.0018493868	0.9818101	0.0016686362	0.0018363291	0.0026832162	0.0019990688	0.002738868	
0.005486496	0.34273824	0.3019885	0.0060358867	0.008525681	0.005445967	0.30555862	0.008757275	0.006524407	0.008938917	
0.005486458	0.0059670527	0.006217667	0.0060358453	0.008525655	0.0054459292	0.005993229	0.9408649	0.006524362	0.008938878	
0.003920408	0.0042638225	0.0044429014	0.0043129786	0.0060920822	0.003891448	0.0042825267	0.00625758	0.0046620537	0.95787424	
0.0032936572	0.0035821702	0.0037326203	0.003623468	0.0051181484	0.26982614	0.101878695	0.5996621	0.0039167367	0.0053662136	
0.0054864474	0.0059670415	0.0062176553	0.0060358336	0.008525606	0.005445919	0.9381011	0.008757198	0.0065243496	0.008938821	
0.0032936225	0.0035821325	0.003732581	0.00362343	0.005118095	0.0032692926	0.331586	0.6365119	0.0039166957	0.005366156	
0.002495642	0.0027142516	0.0028282495	0.0027455436	0.0038780803	0.0024772068	0.0027261586	0.973101	0.0029677567	0.004066036	
0.002495632	0.0027142407	0.002828238	0.0027455324	0.0038780645	0.0024771967	0.0027261474	0.38294223	0.59312665	0.00406602	
0.007477987	0.9155966	0.008474617	0.008226796	0.011620356	0.007422747	0.00816871	0.011936022	0.00889264	0.012183542	
0.0026565783	0.0028892856	0.0030106346	0.48610625	0.48807067	0.0026369542	0.0029019602	0.004240307	0.0031591381	0.0043282467	
0.0030498356	0.0033169906	0.0034563032	0.0033552311	0.004739262	0.13507508	0.0033315413	0.20999691	0.0036267901	0.63005203	
0.0032936272	0.0035821374	0.003732586	0.583453	0.099232614	0.086355284	0.0035978514	0.0052571343	0.20612963	0.0053661643	
0.006329222	0.0068836403	0.007172751	0.0069629997	0.009835231	0.0062824683	0.006913837	0.9317814	0.007526557	0.01031193	
0.35313332	0.005265839	0.0054870024	0.597121	0.0075237392	0.004805955	0.005288939	0.0077281115	0.0057576564	0.007888394	
0.0039203893	0.31496894	0.00444288	0.3407501	0.0060920464	0.0038914292	0.004282506	0.0062575336	0.0046620313	0.3107321	
0.0039203623	0.004263772	0.004442849	0.13903268	0.0060920073	0.0038914024	0.0042824764	0.006257499	0.004661999	0.8231549	
0.0032936272	0.0035821374	0.59657013	0.0036234348	0.005118101	0.003269297	0.0035978514	0.37166256	0.003916701	0.0053661573	
0.0020089047	0.0021848779	0.9774174	0.0022100667	0.0031217164	0.0019940648	0.0021944623	0.0032065157	0.0023889404	0.0032730226	
0.0026565448	0.0028892488	0.0030105964	0.0029225582	0.004128111	0.24559216	0.07981091	0.0042402507	0.55059385	0.10415577	
0.13859671	0.005967173	0.006217792	0.006035967	0.008525797	0.13860063	0.0059933495	0.00875739	0.0065244935	0.67478067	
0.6766261	0.005265885	0.0054870504	0.0053265938	0.0075238207	0.004805997	0.005288985	0.0077281874	0.0057577067	0.27618968	
0.0035797742	0.00389335	0.0040568695	0.0039382353	0.005562752	0.11620439	0.84696144	0.0057138545	0.00425698	0.005832363	
0.00357975	0.003893324	0.004056842	0.003938209	0.961265	0.0035533065	0.003910403	0.0057138363	0.0042569516	0.0058323476	
0.0020089308	0.0021849063	0.0022766716	0.0022100953	0.97826225	0.0019940909	0.002194491	0.0032065578	0.0023889716	0.0032730594	
0.004332633	0.72532415	0.004910066	0.004766482	0.0067326603	0.004300628	0.23050663	0.0069155516	0.005152262	0.0070589627	
0.0020089566	0.27714705	0.37562746	0.0022101237	0.32994902	0.0019941165	0.0021945192	0.003206601	0.0023890021	0.0032731015	
0.0024956334	0.0027142423	0.0028282397	0.002745534	0.9729959	0.0024771981	0.002726149	0.003983405	0.0029677465	0.0040660216	
0.0035797893	0.0038933665	0.0040568863	0.003938252	0.0055627762	0.0035533453	0.0039104456	0.96141577	0.004256998	0.0058323927	
0.5130454	0.0033170113	0.0034563246	0.003355252	0.0047392906	0.4552913	0.003331562	0.004868036	0.0036268125	0.00496899	
0.0039204704	0.12189731	0.004442972	0.004313047	0.0060921847	0.3304377	0.21318182	0.0062576793	0.0046621277	0.30479464	
0.0054864422	0.005967036	0.4746403	0.006035828	0.008525601	0.005445914	0.46967843	0.008757214	0.0065243435	0.008938867	
0.0032936328	0.26317427	0.0037325926	0.0036234413	0.005118106	0.003269303	0.08718708	0.0052571376	0.003916708	0.6214278	
0.0043326514	0.004712177	0.0049100867	0.004766502	0.006732676	0.004300646	0.004732848	0.006915568	0.95153785	0.0070590065	
0.0035797774	0.35161003	0.0040568733	0.003938239	0.005562757	0.0035533335	0.0039104326	0.0057138666	0.004256984	0.61381775	
0.004332636	0.00471216	0.7049926	0.004766485	0.0067326603	0.004300631	0.0047328314	0.0069155437	0.0051522655	0.25336224	
0.0032936314	0.003582142	0.003732591	0.11296751	0.005118104	0.0032693013	0.003597856	0.0052571315	0.85381556	0.0053661647	
0.005486503	0.32252002	0.006217718	0.0060358946	0.008525692	0.005445974	0.0059932778	0.008757287	0.0065244157	0.6244932	
0.0032936295	0.0035821402	0.0037325888	0.30501595	0.0051181167	0.0032692996	0.0035978542	0.005257133	0.6617671	0.005366181	
0.0054864488	0.0059670424	0.006217656	0.4330462	0.008525611	0.00544592	0.0059932186	0.51385474	0.006524351	0.008938843	
0.003920368	0.0042637787	0.0044428557	0.24702777	0.0060920157	0.003891408	0.004282483	0.71503	0.0046620057	0.0063872887	
0.550824	0.41529474	0.0037325872	0.003623436	0.0051181093	0.003269298	0.0035978525	0.0052571325	0.0039167022	0.005366162	
0.0035798103	0.0038933894	0.34471545	0.003938275	0.0055628163	0.34408882	0.003910469	0.005713923	0.0042570233	0.28034008	
0.003579767	0.0038933423	0.004056861	0.19974232	0.005562746	0.0035533232	0.0039104214	0.21793315	0.0042569716	0.55351114	
0.011739068	0.012767369	0.013303595	0.012914561	0.018241797	0.01165235	0.012823377	0.01873732	0.013959813	0.8738608	
0.0074780737	0.008133127	0.008474716	0.20352519	0.011620487	0.0074228332	0.008168805	0.19341473	0.008892743	0.5428693	
0.003920379	0.004263791	0.0044428688	0.004312947	0.006092034	0.0038914194	0.004282495	0.006257517	0.004662019	0.95787454	
0.0054864595	0.58533406	0.0062176688	0.0060358467	0.008525628	0.0054459306	0.0059932303	0.008757219	0.35926512	0.008938846	
0.0043326956	0.14464772	0.004910137	0.12596823	0.0067327507	0.0043006903	0.0047328966	0.006915643	0.6904001	0.007059082	
0.0043326113	0.95109814	0.004910041	0.004766458	0.006732619	0.0043006064	0.0047328044	0.0069155083	0.0051522357	0.007058947	
0.003920371	0.0042637824	0.9559302	0.004312938	0.006092021	0.0038914115	0.0042824866	0.0062575093	0.00466201	0.006387303	
0.0024956746	0.0027142873	0.120617196	0.0027455795	0.07517775	0.0024772391	0.002726194	0.7840122	0.0029677956	0.0040660915	
0.0032936414	0.003582153	0.0037326023	0.0036234506	0.4617795	0.0032693113	0.37808785	0.005257149	0.13200817	0.0053661806	
0.0035797637	0.0038933386	0.0040568574	0.0039382237	0.16846137	0.00355332	0.0039104177	0.79851747	0.004256968	0.005832353	
0.00913607	0.009936358	0.010353682	0.33657184	0.014196899	0.009068581	0.009979947	0.014582551	0.010864391	0.57530963	
0.0028396645	0.0030884093	0.34551308	0.0031240147	0.2473335	0.0028186878	0.0031019575	0.004532538	0.38302162	0.004626544	
0.0043326616	0.004712188	0.0049100984	0.0047665136	0.11295065	0.0043006563	0.0047328593	0.0069155768	0.33198375	0.52039504	
0.004332658	0.004712184	0.47283038	0.0047665094	0.11809934	0.0043006525	0.004732855	0.0069155763	0.005152291	0.37415758	
0.7016006	0.25807077	0.004442876	0.0043129544	0.0060920473	0.0038914261	0.0042825025	0.0062575256	0.0046620276	0.006387308	
0.0054864828	0.0059670797	0.006217695	0.18278031	0.00852566	0.005445954	0.005993256	0.008757252	0.15915501	0.61167127	
0.0035797684	0.003893344	0.004056863	0.9596403	0.0055627427	0.0035533246	0.003910423	0.0057138675	0.0042569735	0.005832373	
0.24090791	0.4618111	0.003218094	0.0031239877	0.004412636	0.0028186636	0.0031019307	0.004532498	0.27144668	0.004626507	
0.00747806	0.008133112	0.0084747	0.9156896	0.01162045	0.0074228197	0.0081687905	0.011936105	0.008892727	0.012183679	
0.0048417267	0.0052658455	0.005487009	0.9454125	0.0075237495	0.004805961	0.0052889455	0.007728126	0.0057576634	0.007888423	
0.00392037	0.0042637805	0.004442858	0.4367038	0.0060920184	0.0038914098	0.0042824848	0.0062575	0.004662008	0.5254837	
0.00484174	0.49924472	0.005487024	0.005326568	0.0075237695	0.0048059737	0.0052889595	0.0077281496	0.45186463	0.007888439	
0.005486458	0.0059670527	0.006217667	0.0060358453	0.00852563	0.0054459292	0.005993229	0.008757218	0.006524362	0.9410466	
0.003579796	0.9595951	0.004056894	0.0039382596	0.005562788	0.003553352	0.003910453	0.0057138996	0.004257006	0.0058324304	
0.0030498703	0.0033170283	0.0034563423	0.0033552693	0.0047393185	0.0030273409	0.0033315793	0.96712744	0.0036268313	0.004969023	
0.0074780006	0.008133047	0.008474633	0.008226811	0.011620364	0.5504017	0.008168725	0.011936015	0.008892656	0.37666813	
0.0035797833	0.00389336	0.00405688	0.0039382456	0.005562769	0.0035533395	0.003910439	0.42596442	0.004256991	0.5412838	
0.0039204177	0.0042638327	0.42074066	0.0043129893	0.006092096	0.0038914576	0.004282537	0.54144657	0.0046620653	0.0063873613	
0.0032936167	0.52176934	0.0037325744	0.0036234236	0.00511808	0.0032692868	0.44465372	0.0052571106	0.0039166887	0.0053661447	
0.2842327	0.005967089	0.0062177046	0.0060358816	0.008525672	0.0054459623	0.005993265	0.00875726	0.0065244013	0.6623	
0.94492775	0.0052658455	0.005487009	0.0053265537	0.0075237486	0.004805961	0.0052889455	0.00772812	0.0057576634	0.007888407	
0.011739153	0.012767463	0.013303692	0.012914656	0.018241929	0.011652436	0.30450386	0.018737458	0.013959915	0.5821794	
0.14501657	0.0047122156	0.8106113	0.004766541	0.0067327316	0.0043006814	0.004732887	0.0069156187	0.0051523256	0.007059081	
0.0028396212	0.0030883623	0.85364914	0.003123967	0.004412606	0.002818645	0.0031019102	0.11896245	0.0033768083	0.0046264697	
0.0019155168	0.9783797	0.0021708077	0.0021073273	0.002976602	0.0019013669	0.0020924485	0.0030574591	0.0022778858	0.003120865	
0.66085863	0.0038933738	0.004056894	0.0039382596	0.0055627935	0.003553352	0.003910453	0.11494387	0.19344997	0.005832404	
0.0026565297	0.0028892325	0.1423761	0.0029225417	0.00412809	0.002636906	0.0029019068	0.0042402293	0.6240186	0.21122989	
0.0054865163	0.0059671164	0.0062177335	0.15727067	0.008525713	0.0054459875	0.0059932927	0.008757309	0.0065244315	0.78981125	
0.0048417305	0.0052658496	0.0054870136	0.005326558	0.0075237607	0.004805965	0.0052889497	0.007728138	0.69459856	0.2591335	
0.004841712	0.005265829	0.005486992	0.005326537	0.0075237257	0.004805946	0.0052889287	0.0077280975	0.0057576457	0.94797456	
0.0032936474	0.0035821595	0.003732609	0.0036234572	0.005118139	0.10373632	0.0035978737	0.41983283	0.44811675	0.0053661955	
0.0030498304	0.96557677	0.0034562976	0.0033552258	0.0047392575	0.0030273015	0.003331536	0.0048679938	0.003626784	0.0049689547	
0.0032936714	0.0035821858	0.0037326363	0.0036234837	0.0051181666	0.21952403	0.0035979	0.7482449	0.0039167544	0.0053662416	
0.0032936155	0.0035821248	0.003732573	0.20997038	0.005118081	0.0032692857	0.0035978388	0.0052571143	0.7568128	0.0053661508	
0.0054864557	0.0059670503	0.0062176646	0.006035843	0.008525619	0.0054459274	0.0059932265	0.008757209	0.00652436	0.9410466	
0.0039203675	0.004263778	0.0044428553	0.004312934	0.0060920157	0.0038914077	0.0042824824	0.9577449	0.004662005	0.006387299	
0.0032936267	0.0035821372	0.0037325858	0.0036234346	0.0051181014	0.9625123	0.0035978511	0.0052571297	0.003916701	0.0053661712	
0.0028396542	0.0030883981	0.00321811	0.0031240033	0.19442534	0.0028186778	0.42872813	0.3537543	0.0033768476	0.004626528	
0.003920357	0.004263767	0.0044428436	0.0043129227	0.006091998	0.0038913975	0.0042824713	0.5758814	0.38652554	0.0063872677	
0.9554077	0.0042637833	0.004442861	0.004312939	0.0060920236	0.0038914122	0.0042824876	0.006257515	0.004662011	0.0063872915	
0.0019155393	0.23253644	0.42005232	0.002107352	0.0029766357	0.0019013891	0.002092473	0.33101904	0.0022779126	0.0031209097	
0.00283961	0.0030883502	0.762334	0.0031239546	0.004412585	0.0028186338	0.003101898	0.2102777	0.003376795	0.0046264497	
0.3973137	0.0024209814	0.0025226618	0.002448892	0.0034590575	0.1525793	0.2748318	0.003553027	0.0026470956	0.15822345	
0.9653097	0.0033169761	0.003456288	0.0033552165	0.00473924	0.0030272931	0.0033315269	0.0048679807	0.003626774	0.0049689948	
0.0032936053	0.0035821137	0.0037325614	0.2762828	0.0051180623	0.0032692754	0.0035978276	0.005257089	0.003916675	0.69195	
0.006329252	0.0068836724	0.007172785	0.51654273	0.009835273	0.0062824977	0.0069138696	0.01010245	0.41962546	0.010312005	
0.0074779876	0.008133033	0.008474618	0.9156903	0.011620338	0.0074227476	0.008168711	0.01193602	0.0088926405	0.012183603	
0.006329301	0.0068837255	0.0071728397	0.006963086	0.00983536	0.006282546	0.0069139227	0.0101025505	0.00752665	0.93199	
0.8042345	0.004712147	0.0049100555	0.004766472	0.0067326375	0.004300619	0.15121685	0.0069155293	0.005152251	0.007058946	
0.0030498332	0.0033169882	0.11957219	0.0033552288	0.8508832	0.0030273043	0.003331539	0.004867994	0.0036267878	0.004968955	
0.003049836	0.003316991	0.0034563036	0.37560052	0.0047392626	0.5930418	0.003331542	0.0048680026	0.0036267906	0.004968977	
0.10149577	0.14551118	0.0040568695	0.0039382353	0.0055627585	0.7197215	0.0039104293	0.005713869	0.00425698	0.005832376	
0.004332638	0.004712162	0.0049100714	0.004766487	0.0067326594	0.19683728	0.0047328332	0.7607646	0.0051522674	0.00705898	
0.0022259876	0.0024209765	0.0025226567	0.0024488873	0.51612216	0.0022095444	0.0024315969	0.0035530156	0.46243843	0.003626709	
0.0021118878	0.002296882	0.0023933502	0.002323362	0.6297161	0.1638111	0.0023069577	0.0033708934	0.18822864	0.0034408069	
0.0019155097	0.0020833018	0.0021707998	0.0021073194	0.97927314	0.0019013598	0.0020924406	0.003057445	0.0022778774	0.0031208561	
0.004332682	0.30910262	0.6469049	0.004766536	0.0067327297	0.0043006768	0.0047328817	0.006915615	0.00515232	0.007059041	
0.0030497997	0.0033169517	0.9657165	0.0033551918	0.0047392054	0.0030272708	0.0033315024	0.004867943	0.0036267475	0.004968908	
0.0020089105	0.0021848842	0.0022766485	0.002210073	0.9782625	0.0019940706	0.0021944686	0.0032065222	0.0023889474	0.0032730282	
0.0018304326	0.001990772	0.0020743841	0.0020137231	0.98019373	0.0018169112	0.001999505	0.002921648	0.0021767057	0.0029822418	
0.0020089122	0.002184886	0.0022766504	0.0022100748	0.9782625	0.0019940722	0.0021944705	0.0032065285	0.0023889493	0.003273034	
0.011739118	0.012767424	0.0133036515	0.45778498	0.018241877	0.42151618	0.012823432	0.018737413	0.013959873	0.019126056	
0.02728901	0.029679433	0.03092596	0.030021599	0.04240546	0.027087426	0.02980963	0.7058693	0.032451425	0.044460736	
0.00484177	0.0052658925	0.0054870583	0.0053266017	0.0075238254	0.004806004	0.94537437	0.0077282013	0.005757715	0.00788852	
0.0026565564	0.0028892616	0.0030106097	0.002922571	0.84297925	0.0026369325	0.0029019362	0.00424027	0.0031591123	0.13260345	
0.0032936158	0.0035821253	0.1924977	0.0036234225	0.0051180804	0.003269286	0.3900761	0.29064584	0.003916688	0.10397714	
0.004332676	0.0047122035	0.0049101147	0.0047665294	0.00673273	0.0043006707	0.18807563	0.006915604	0.09466693	0.68058693	
0.004332627	0.95109797	0.004910059	0.0047664754	0.006732641	0.004300622	0.004732821	0.00691553	0.0051522544	0.0070589776	
0.0030498395	0.003316995	0.0034563078	0.87036055	0.0047392678	0.0030273104	0.003331546	0.0048680105	0.003626795	0.10022339	
0.0024956313	0.0027142402	0.0028282374	0.0027455317	0.003878061	0.0024771963	0.002726147	0.5647212	0.41134775	0.004066024	
0.45128322	0.0047121225	0.00491003	0.004766447	0.006732605	0.50373614	0.004732793	0.0069154995	0.005152224	0.007058924	
0.0039203665	0.0042637773	0.004442855	0.0043129334	0.0060920133	0.003891407	0.0042824815	0.9577449	0.0046620048	0.0063872836	
0.079083994	0.0030883795	0.7266547	0.0031239844	0.16959251	0.0028186606	0.0031019275	0.0045324913	0.003376827	0.004626497	
0.0024956714	0.0027142838	0.5998385	0.002745576	0.0038781222	0.0024772359	0.0027261907	0.37609056	0.0029677916	0.0040661064	
0.002226004	0.0024209942	0.18401195	0.0024489053	0.0034590806	0.14892706	0.3521424	0.2980898	0.0026471098	0.003626729	
0.43981165	0.005265929	0.005487096	0.005326638	0.0075238734	0.004806037	0.5104042	0.0077282465	0.0057577547	0.00788853	
0.0019155224	0.0020833155	0.0021708142	0.0021073336	0.9792729	0.0019013725	0.0020924546	0.0030574615	0.0022778925	0.0031208869	
0.0024956327	0.0027142416	0.002828239	0.0027455334	0.9729959	0.0024771977	0.0027261483	0.0039834087	0.0029677458	0.004066023	
0.3986771	0.0035821795	0.0037326298	0.0036234774	0.10410392	0.0032693355	0.0035978938	0.47013044	0.003916747	0.005366239	
0.0032936297	0.0035821404	0.003732589	0.0036234378	0.0051181004	0.0032692999	0.0035978544	0.0052571315	0.9631596	0.005366167	
0.0024956565	0.0027142675	0.0028282658	0.0027455594	0.09089404	0.002477221	0.0027261742	0.0039834445	0.8850693	0.0040660617	
0.38439703	0.0059671025	0.0062177186	0.0060358956	0.008525698	0.005445975	0.0059932787	0.008757302	0.5597211	0.00893892	
0.0023531928	0.0025593243	0.0026668152	0.00258883	0.4671312	0.0023358096	0.0025705516	0.5111619	0.0027983596	0.0038339554	
0.0026565345	0.0028892378	0.003010585	0.002922547	0.97125477	0.0026369106	0.0029019122	0.004240232	0.0031590862	0.0043281745	
0.003579785	0.003893362	0.0040568816	0.0039382474	0.6220484	0.0035533411	0.003910441	0.34493017	0.004256993	0.00583238	
0.16428463	0.0047122	0.0049101105	0.0047665257	0.006732714	0.0043006674	0.6852499	0.0069156014	0.11106865	0.0070590316	
0.0063292785	0.928562	0.0071728146	0.0069630616	0.009835314	0.0062825237	0.0069138985	0.010102486	0.0075266236	0.0103120105	
0.00484183	0.0052659577	0.005487126	0.0053266673	0.007523913	0.004806063	0.5934521	0.0077282977	0.35767952	0.007888589	
0.0043326495	0.0047121746	0.004910085	0.5727735	0.0067326743	0.004300644	0.004732846	0.0069155637	0.0051522814	0.38543755	
0.016416205	0.017854208	0.01860408	0.018060043	0.025509791	0.016294938	0.81479	0.026202798	0.01952175	0.0267462	
0.004841791	0.0052659153	0.19641319	0.0053266245	0.3652276	0.0048060245	0.0052890154	0.0077282414	0.397213	0.007888539	
0.0048417323	0.0052658515	0.0054870155	0.2512352	0.0075237593	0.0048059663	0.0052889516	0.00772814	0.00575767	0.70206577	
0.139187	0.003893334	0.004056853	0.57077533	0.0055627283	0.0035533155	0.003910413	0.0057138377	0.0042569623	0.2590903	
0.003293623	0.0035821332	0.0037325814	0.9628664	0.00511809	0.003269293	0.003597847	0.005257117	0.003916696	0.005366162	
0.0043325983	0.0047121192	0.0049100267	0.0047664437	0.006732596	0.0043005934	0.00473279	0.0069155023	0.95153844	0.007058923	
0.0063292817	0.006883705	0.0071728183	0.006963065	0.009835319	0.006282527	0.0069139022	0.010102494	0.9292049	0.010312037	
0.002839627	0.0030883686	0.003218079	0.0031239735	0.0044126087	0.0028186506	0.0031019165	0.9693935	0.0033768152	0.0046264785	
0.0023531115	0.56459177	0.002666723	0.0025887408	0.0036565943	0.002335729	0.15659724	0.003755929	0.2576203	0.0038338178	
0.0035798096	0.0038933887	0.9597585	0.0039382745	0.005562811	0.0035533656	0.003910468	0.005713917	0.0042570224	0.0058324495	
0.18396704	0.002889242	0.4978613	0.0029225515	0.0041281017	0.0026369146	0.0029019166	0.16773741	0.13062736	0.0043281834	
0.0028396167	0.0030883574	0.6288322	0.003123962	0.0044125947	0.0028186406	0.0031019053	0.34377947	0.003376803	0.0046264664	
0.0028396337	0.0030883758	0.96807903	0.0031239807	0.00441262	0.0028186573	0.0031019237	0.004532486	0.0033768232	0.004626491	
0.0035797711	0.0038933468	0.95975894	0.003938232	0.00556275	0.0035533274	0.003910426	0.005713866	0.004256977	0.0058323643	
0.0018304158	0.001990754	0.0020743648	0.0020137047	0.9801939	0.0018168945	0.001999487	0.0029216222	0.002176686	0.0029822167	
0.0017525583	0.0019060763	0.0019861308	0.001928051	0.98103637	0.0017396122	0.0019144379	0.002797348	0.0020840997	0.0028553638	
0.002008902	0.0021848748	0.0022766388	0.0022100636	0.9782626	0.001994062	0.0021944593	0.0032065087	0.0023889372	0.0032730123	
0.0019155171	0.00208331	0.0021708081	0.0021073278	0.979273	0.0019013672	0.0020924488	0.0030574535	0.0022778863	0.003120866	
0.0014451976	0.001571792	0.0016378068	0.0015899127	0.9843622	0.001434522	0.0015786871	0.0023067538	0.0017185939	0.0023545967	
0.0021118762	0.0022968692	0.002393337	0.002323349	0.97714835	0.0020962756	0.002306945	0.0033708722	0.0025113916	0.0034407831	
0.0726418	0.0027142565	0.0028282544	0.0027455483	0.3093557	0.002477211	0.0027261632	0.37205136	0.0029677618	0.22949201	
0.003579754	0.0038933281	0.0040568467	0.003938213	0.005562723	0.95925564	0.003910407	0.005713837	0.0042569563	0.0058323406	
0.0022259685	0.0024209556	0.002522635	0.0024488661	0.74347025	0.23465307	0.0024315757	0.0035529807	0.0026470674	0.0036266693	
0.003293631	0.0035821416	0.0037325902	0.003623439	0.964361	0.0032693008	0.0035978556	0.0052571334	0.0039167055	0.005366165	
0.0014977314	0.0016289275	0.0016973419	0.001647707	0.98379374	0.0014866677	0.0016360732	0.0023906066	0.0017810657	0.0024401876	
0.0063292123	0.0068836296	0.00717274	0.006962989	0.009835214	0.0062824585	0.006913827	0.010102387	0.0075265453	0.931991	
0.004841712	0.005265829	0.005486992	0.005326537	0.0075237257	0.004805946	0.0052889287	0.0077281	0.0057576457	0.94797456	
0.15494542	0.00526588	0.005487045	0.29757246	0.0075238	0.0048059924	0.00528898	0.007728183	0.005757701	0.5056245	
0.004332612	0.0047121337	0.9512961	0.0047664586	0.006732621	0.004300607	0.004732805	0.0069155055	0.0051522367	0.0070589287	
0.0039204103	0.004263825	0.0044429037	0.004312981	0.006092082	0.0038914501	0.004282529	0.9577444	0.004662056	0.006387349	
0.57611	0.0052658566	0.005487021	0.0053265654	0.0075237653	0.0048059714	0.0052889567	0.007728148	0.005757676	0.3767061	
0.005486462	0.005967057	0.44708952	0.0060358495	0.008525631	0.0054459334	0.005993233	0.008757228	0.006524367	0.5001747	
0.0035797572	0.0038933316	0.00405685	0.0039382167	0.0055627245	0.0035533134	0.0039104107	0.0057138302	0.9599592	0.005832345	
0.31491432	0.0042638406	0.004442921	0.004312997	0.0060921065	0.0038914648	0.21576637	0.3524496	0.087479	0.00638737	
0.003293639	0.0035821507	0.0037325998	0.003623448	0.0051181247	0.22328894	0.0035978646	0.7444804	0.0039167153	0.0053661847	
0.26376003	0.0033169803	0.0034562924	0.003355221	0.0047392477	0.0030272969	0.003331531	0.0048679914	0.0036267787	0.70651865	
0.17368875	0.003317	0.0034563132	0.003355241	0.0047392757	0.003027315	0.003331551	0.4876089	0.0036268006	0.31384885	
0.1889713	0.008133062	0.008474648	0.008226826	0.011620377	0.007422773	0.008168739	0.0119360285	0.73486257	0.0121837305	
0.016416227	0.017854232	0.018604105	0.4712072	0.025509821	0.016294962	0.36164272	0.026202755	0.019521778	0.02674621	
0.011739068	0.47249132	0.013303596	0.012914562	0.018241799	0.011652351	0.012823378	0.41374815	0.013959814	0.019125974	
0.004332639	0.004712163	0.6616501	0.004766488	0.006732658	0.0043006334	0.004732834	0.0069155465	0.0051522683	0.29670465	
0.0026565506	0.0028892553	0.0030106031	0.0029225647	0.9712546	0.0026369267	0.0029019297	0.0042402605	0.0031591053	0.004328198	
0.0023531003	0.97344077	0.0026667102	0.0025887282	0.0036565764	0.002335718	0.0025704503	0.003755903	0.0027982495	0.0038337994	
0.0017525725	0.0019060918	0.0019861471	0.0019280666	0.5132915	0.46948433	0.0019144535	0.0027973747	0.0020841165	0.0028553945	
0.003920396	0.004263809	0.004442888	0.004312965	0.006092064	0.9553785	0.0042825136	0.0062575466	0.004662039	0.0063873273	
0.0023531388	0.0025592656	0.0026667537	0.0025887706	0.9745376	0.002335756	0.0025704924	0.0037559734	0.002798295	0.0038338855	
0.0023531185	0.0025592435	0.002666731	0.0025887482	0.7398333	0.23704031	0.0025704703	0.0037559369	0.0027982711	0.0038338457	
0.0035797486	0.0038933223	0.0040568407	0.0039382074	0.0055627143	0.003553305	0.3705836	0.594743	0.0042569498	0.005832329	
0.33342466	0.0033169903	0.003456303	0.003355231	0.0047392664	0.0030273062	0.6352165	0.004868008	0.00362679	0.004968969	
0.0039203768	0.004263788	0.004442866	0.004312944	0.0060920357	0.56330144	0.004282492	0.0062575224	0.0046620164	0.3984645	
0.15419312	0.0059670303	0.0062176436	0.0060358224	0.00852559	0.005445909	0.0059932065	0.008757179	0.0065243375	0.79234016	
0.004332638	0.6048951	0.0049100714	0.004766487	0.006732663	0.0043006325	0.0047328332	0.3531183	0.0051522674	0.0070589758	
0.0063292626	0.006883684	0.7455665	0.0069630444	0.1931201	0.0062825084	0.0069138813	0.01010247	0.007526605	0.0103119975	
0.0030498132	0.0033169664	0.0034562778	0.6755548	0.0047392244	0.003027284	0.0033315169	0.00486796	0.0036267634	0.29502934	
0.0030498141	0.0033169675	0.003456279	0.43744186	0.0047392263	0.0030272852	0.003331518	0.0048679644	0.0036267648	0.5331423	
0.003920372	0.0042637833	0.004442861	0.95580024	0.0060920278	0.0038914122	0.0042824876	0.0062575033	0.0046620113	0.0063872943	
0.0035797732	0.003893349	0.004056868	0.0039382344	0.00556275	0.0035533295	0.0039104284	0.0057138563	0.004256979	0.96153444	
0.0054865065	0.0059671057	0.0062177223	0.006035899	0.008525704	0.0054459777	0.005993282	0.17572074	0.77166814	0.008938924	
0.004841791	0.4958019	0.0054870816	0.0053266245	0.0075238487	0.0048060245	0.0052890154	0.0077282414	0.00575774	0.4574378	
0.00433263	0.27651733	0.0049100625	0.0047664787	0.006732644	0.004300625	0.004732825	0.0069155293	0.005152258	0.6816396	
0.002656552	0.002889257	0.97013706	0.0029225664	0.0041281204	0.002636928	0.0029019313	0.0042402637	0.003159107	0.0043282164	
0.32136905	0.012767592	0.013303827	0.012914786	0.018242143	0.011652554	0.0128236	0.27893034	0.29886985	0.019126281	
0.011739038	0.52962387	0.013303561	0.012914528	0.018241752	0.011652322	0.012823344	0.018737284	0.35183838	0.01912592	
0.0030498093	0.003316962	0.0034562733	0.09178866	0.0047392184	0.0030272803	0.0033315127	0.004867953	0.003626759	0.87879556	
0.11744913	0.004712113	0.00491002	0.0047664377	0.006732586	0.004300588	0.004732784	0.0069154683	0.005152214	0.84032863	
0.0063293283	0.006883756	0.0071728714	0.0069631166	0.009835393	0.0062825736	0.27642703	0.010102564	0.007526683	0.6624767	
0.009136077	0.009936366	0.01035369	0.01005092	0.48331183	0.009068589	0.42781046	0.01458258	0.0108644	0.014885058	
0.005486457	0.93807477	0.0062176664	0.0060358443	0.008525621	0.005445929	0.005993228	0.008757219	0.006524361	0.008938878	
0.0043326085	0.00471213	0.004910038	0.004766455	0.0067326133	0.27124792	0.38548332	0.30560377	0.0051522325	0.007058937	
0.35007173	0.0059672086	0.0062178294	0.28921786	0.008525871	0.0054460717	0.0059933853	0.008757468	0.0065245326	0.31327805	
0.0063292524	0.006883673	0.44933793	0.0069630328	0.009835285	0.006282498	0.00691387	0.4896159	0.007526593	0.010311994	
0.9592818	0.0038933428	0.004056862	0.003938228	0.0055627516	0.003553324	0.003910422	0.005713881	0.0042569726	0.005832409	
0.002225979	0.002420967	0.002522647	0.0024488778	0.82952535	0.0022095356	0.0024315873	0.0035530012	0.14903535	0.0036266942	
0.0030498323	0.003316987	0.0034562994	0.0033552276	0.0047392608	0.58577305	0.0033315378	0.2427481	0.0036267862	0.14660297	
0.0024956525	0.002714263	0.0028282611	0.002745555	0.0038780998	0.52310604	0.45121482	0.0039834385	0.002967769	0.0040660542	
0.0021118978	0.6141677	0.23001362	0.002323373	0.0032817654	0.1364715	0.0023069687	0.0033709134	0.0025114173	0.0034408204	
0.30818957	0.0059670834	0.006217699	0.0060358765	0.008525674	0.6348503	0.0059932596	0.008757269	0.0065243957	0.008938884	
0.01641639	0.01785441	0.01860429	0.018060248	0.02551007	0.016295122	0.017932734	0.02620304	0.019521972	0.8236018	
0.0039204042	0.004263818	0.0044428967	0.0043129744	0.0060920697	0.003891444	0.0042825225	0.9577445	0.004662049	0.006387362	
0.0043326174	0.0047121397	0.2550963	0.0047664647	0.006732625	0.0043006125	0.004732811	0.7031152	0.005152243	0.0070589464	
0.004841785	0.005265909	0.005487075	0.68350285	0.007523863	0.26671508	0.005289009	0.0077282214	0.005757733	0.0078885155	
0.74660695	0.004263764	0.0044428403	0.0043129195	0.0060919942	0.0038913947	0.21308345	0.006257483	0.00466199	0.0063872575	
0.009136094	0.009936384	0.010353709	0.0100509375	0.014196936	0.0090686055	0.8969253	0.014582601	0.01086442	0.014885074	
0.00548649	0.1492461	0.0062177037	0.0060358807	0.008525671	0.005445962	0.0059932643	0.00875727	0.7953527	0.008938912	
0.0048417733	0.005265896	0.005487062	0.0053266054	0.0075238235	0.0048060073	0.0052889963	0.94781363	0.0057577193	0.00788849	
0.0054864367	0.00596703	0.32056132	0.006035822	0.008525591	0.0054459083	0.0059932056	0.008757196	0.6242886	0.008938843	
0.0032936023	0.0035821104	0.0037325579	0.08784743	0.005118059	0.0032692724	0.0035978244	0.15017699	0.73401606	0.005366116	
0.003920374	0.69595045	0.004442863	0.0043129413	0.0060920333	0.0038914145	0.00428249	0.006257517	0.26446268	0.0063872873	
0.004332658	0.004712184	0.004910094	0.0047665094	0.0067326874	0.0043006525	0.95111835	0.0069155744	0.005152291	0.007059017	
0.0028396177	0.0030883583	0.0032180685	0.0031239633	0.0044125966	0.0028186415	0.0031019063	0.21570511	0.003376804	0.7583149	
0.0054864297	0.005967022	0.0062176352	0.006035814	0.008525586	0.0054459013	0.005993198	0.47804937	0.0065243286	0.4717547	
0.005486502	0.0059671006	0.0062177167	0.0060358937	0.94063294	0.005445973	0.005993277	0.008757289	0.0065244143	0.008938907	
0.0039203577	0.0042637675	0.004442844	0.004312923	0.006092002	0.0038913977	0.0042824713	0.2981007	0.0046619936	0.66603154	
0.004841726	0.005265844	0.005487008	0.005326553	0.0075237476	0.0048059598	0.005288944	0.94781417	0.0057576625	0.007888407	
0.17352694	0.003582143	0.21915045	0.0036234404	0.12418585	0.003269302	0.003597857	0.2898667	0.003916707	0.17528065	
0.004841766	0.005265888	0.0054870537	0.32259572	0.007523814	0.004806	0.005288988	0.6305446	0.00575771	0.0078884885	
0.0017525564	0.0019060744	0.0019861287	0.0019280489	0.98103637	0.0017396103	0.0019144359	0.002797345	0.0020840974	0.0028553684	
0.004841726	0.005265844	0.005487008	0.005326553	0.0075237546	0.0048059598	0.005288944	0.94781417	0.0057576625	0.007888434	
0.0035797847	0.29360378	0.0040568816	0.003938247	0.005562771	0.003553341	0.6699019	0.005713888	0.0042569926	0.0058323867	
0.0030498146	0.4023438	0.3842747	0.0033552083	0.004739227	0.0030272857	0.0033315187	0.18728276	0.0036267652	0.004968926	
0.004841723	0.0052658413	0.0054870048	0.0053265495	0.0075237704	0.0048059574	0.0052889413	0.94781417	0.005757659	0.007888408	
0.0032936304	0.0035821411	0.0037325898	0.0036234385	0.005118121	0.0032693003	0.96284074	0.005257137	0.003916705	0.005366162	
0.15212436	0.0028892655	0.46499643	0.002922575	0.004128141	0.28911695	0.0029019401	0.004240276	0.0031591165	0.07352096	
0.004332675	0.0047122026	0.22207327	0.0047665285	0.37754625	0.0043006698	0.004732874	0.3653242	0.005152312	0.0070590493	
0.0054864697	0.39041227	0.0062176804	0.0060358583	0.008525643	0.0054459414	0.005993242	0.008757238	0.006524376	0.5566013	
0.00392041	0.0042638243	0.95592964	0.0043129805	0.00609208	0.0038914497	0.0042825285	0.0062576225	0.004662056	0.0063873474	
0.002495662	0.0027142733	0.7981875	0.0027455655	0.0038781103	0.0024772265	0.0027261802	0.003983456	0.0029677805	0.17782423	
0.0035798165	0.0038933961	0.24957955	0.1122388	0.005562819	0.0035533723	0.0039104754	0.6075923	0.004257031	0.005832451	
0.0019155185	0.0020833113	0.0021708098	0.0021073292	0.979273	0.0019013686	0.0020924504	0.0030574573	0.002277888	0.0031208692	
0.005486512	0.18626088	0.0062177284	0.006035905	0.008525709	0.0054459833	0.005993288	0.008757314	0.75833774	0.008938934	
0.004332623	0.2866933	0.0049100546	0.49094412	0.0067326333	0.004300618	0.004732817	0.00691552	0.18337934	0.0070589716	
0.005486439	0.005967032	0.0062176455	0.3345803	0.008525592	0.0054459106	0.005993208	0.008757185	0.0065243393	0.6125024	
0.006329261	0.0068836827	0.007172795	0.0069630425	0.009835292	0.006282507	0.00691388	0.01010246	0.007526603	0.93199044	
0.49918228	0.0047121304	0.0049100383	0.45630285	0.006732619	0.0043006036	0.0047328016	0.0069155144	0.005152233	0.007058934	
0.0043326807	0.004712209	0.2473099	0.5547736	0.0067327325	0.0043006754	0.0047328803	0.0069156126	0.15913057	0.0070590475	
0.0063292705	0.006883693	0.0071728057	0.006963053	0.009835301	0.0062825163	0.0069138897	0.010102469	0.9292049	0.010312092	
0.003920383	0.004263795	0.004442873	0.0043129507	0.0060920473	0.0038914229	0.9557696	0.006257541	0.004662024	0.006387313	
0.4977576	0.0052658617	0.005487026	0.0053265705	0.0075237784	0.004805976	0.005288962	0.26844275	0.19221298	0.0078884475	
0.0026565574	0.0028892625	0.0030106106	0.002922572	0.0041281315	0.0026369332	0.1926898	0.22343917	0.0031591132	0.5624678	
0.007477961	0.008133004	0.008474588	0.008226768	0.011620297	0.0074227215	0.45527765	0.47229087	0.008892609	0.01218352	
0.002495667	0.0027142786	0.0028282774	0.09241612	0.6762133	0.0024772314	0.20983781	0.003983463	0.0029677863	0.0040660757	
0.003920375	0.4998627	0.004442864	0.0043129423	0.0060920287	0.0038914152	0.0042824904	0.46214584	0.0046620145	0.006387294	
0.0074779587	0.9155969	0.008474586	0.008226765	0.011620294	0.0074227187	0.00816868	0.011935944	0.008892606	0.012183526	
0.0039203926	0.0042638057	0.004442884	0.004312962	0.006092052	0.0038914327	0.00428251	0.0062575447	0.9561491	0.006387323	
0.91494155	0.008133034	0.008474619	0.008226798	0.011620345	0.0074227485	0.008168712	0.011935988	0.008892641	0.01218355	
0.0063293763	0.006883808	0.0071729254	0.615762	0.3227137	0.006282621	0.006914005	0.010102666	0.00752674	0.010312185	
0.12411272	0.0027142575	0.0028282553	0.24182296	0.44699463	0.0024772119	0.0027261642	0.003983434	0.002967763	0.16937259	
0.0022259948	0.0024209842	0.0025226648	0.002448895	0.52143484	0.4566882	0.0024316045	0.003553025	0.0026470989	0.0036267159	
0.0028396382	0.0030883807	0.968079	0.0031239858	0.0044126264	0.0028186617	0.0031019286	0.0045324923	0.0033768287	0.0046264967	
0.0035797625	0.0038933374	0.004056856	0.003938223	0.0055627353	0.0035533188	0.31108165	0.0057138503	0.6527879	0.005832357	
0.0048418688	0.24735016	0.00548717	0.00532671	0.0075239693	0.0048061023	0.7032892	0.0077283713	0.0057578324	0.007888637	
0.37634313	0.0038934187	0.004056941	0.0039383047	0.0055628554	0.003553393	0.003910498	0.005713969	0.58719504	0.0058324737	
0.009136095	0.8968817	0.01035371	0.010050938	0.014196936	0.009068606	0.009979974	0.014582595	0.010864421	0.0148850875	
0.0035798394	0.3204796	0.64317197	0.003938307	0.005562885	0.0035533952	0.0039105006	0.0057139625	0.004257058	0.0058324807	
0.003920381	0.0042637927	0.3666696	0.004312949	0.006092035	0.003891421	0.004282497	0.59551805	0.0046620215	0.006387299	
0.0039204066	0.2015892	0.0044429	0.004312977	0.0060920767	0.0038914466	0.0042825253	0.760419	0.004662052	0.0063873683	
0.006329235	0.0068836543	0.9288516	0.006963014	0.009835252	0.0062824814	0.0069138515	0.010102422	0.0075265723	0.010311973	
0.009136097	0.009936388	0.010353712	0.010050941	0.014196939	0.009068608	0.009979975	0.014582585	0.47748294	0.43521184	
0.19456448	0.23490484	0.006217687	0.0060358644	0.008525651	0.005445947	0.15764526	0.008757246	0.0065243826	0.3713787	
0.0063292743	0.0068836967	0.00717281	0.9286414	0.0098353075	0.00628252	0.006913894	0.010102468	0.0075266184	0.010312028	
0.0032936335	0.0035821444	0.0037325933	0.0036234418	0.0051181065	0.0032693034	0.0035978584	0.96449995	0.0039167088	0.0053662453	
0.0043325946	0.004712115	0.004910022	0.9511527	0.0067325877	0.0043005897	0.0047327857	0.0069154715	0.0051522157	0.0070589036	
0.004332648	0.0047121732	0.004910083	0.0047664987	0.006732677	0.004300643	0.41535485	0.0069155665	0.00515228	0.5428226	
0.0054864697	0.0059670657	0.0062176804	0.0060358583	0.00852565	0.5131423	0.43040448	0.008757254	0.006524376	0.008938871	
0.0032936006	0.0035821088	0.0037325562	0.003623406	0.0051180585	0.73692364	0.22918677	0.005257087	0.0039166696	0.00536612	
0.0023531024	0.0025592262	0.002666713	0.0025887308	0.0036565848	0.0023357202	0.0025704529	0.9746374	0.0027982523	0.0038338054	
0.004841735	0.0052658543	0.0054870183	0.0053265626	0.007523763	0.004805969	0.0052889544	0.94781405	0.005757673	0.007888424	
0.003293638	0.0035821493	0.2977596	0.34934077	0.0051181167	0.0032693078	0.0035978633	0.32475567	0.003916714	0.0053661778	
0.006329313	0.006883739	0.19354084	0.0069631	0.009835368	0.0062825587	0.3445834	0.010102536	0.007526665	0.40795246	
0.0016151563	0.0017566384	0.0018304166	0.0017768901	0.98252314	0.0016032251	0.0017643444	0.0025780352	0.0019207045	0.002631503	
0.0019155219	0.002083315	0.0021708135	0.002107333	0.9792729	0.0019013719	0.0020924541	0.0030574615	0.0022778919	0.0031208862	
0.004332658	0.004712184	0.004910094	0.0047665094	0.3844315	0.0043006525	0.004732855	0.5756022	0.005152291	0.007059017	
0.005486485	0.47242796	0.0062176976	0.006035875	0.008525672	0.0054459563	0.0059932587	0.00875725	0.0065243943	0.4745854	
0.0028396763	0.63494015	0.003218135	0.09112867	0.1822864	0.0028186997	0.0031019705	0.004532554	0.07050715	0.004626571	
0.0026566167	0.0028893272	0.003010678	0.0029226374	0.4390524	0.0026369924	0.38943022	0.0042403685	0.003159184	0.15000159	
0.0043326095	0.0047121313	0.55022866	0.0047664563	0.006732615	0.0043006046	0.0047328025	0.0069155116	0.40621966	0.007058937	
0.006329356	0.006883786	0.0071729026	0.0069631473	0.00983546	0.006282601	0.0069139837	0.010102611	0.007526716	0.93198943	
0.46071684	0.012767368	0.013303594	0.01291456	0.018241825	0.01165235	0.012823376	0.018737338	0.4197168	0.019125957	
0.0024956253	0.0027142335	0.0028282304	0.0027455252	0.6462548	0.0024771902	0.0027261402	0.33072454	0.002967737	0.0040660175	
0.95928186	0.003893344	0.004056863	0.0039382293	0.005562746	0.0035533246	0.003910423	0.0057138703	0.0042569735	0.005832353	
0.0016810672	0.0018283229	0.0019051118	0.001849401	0.9818099	0.0016686491	0.0018363433	0.0026832372	0.0019990841	0.0027388886	
0.003920401	0.0042638145	0.0044428934	0.0043129707	0.006092072	0.0038914408	0.4363801	0.5256469	0.0046620453	0.006387342	
0.0039203516	0.0042637605	0.004442837	0.004312916	0.0060919872	0.0038913917	0.0042824647	0.006257467	0.0046619866	0.95787483	
0.72808397	0.008133028	0.008474613	0.008226791	0.011620341	0.0074227424	0.008168706	0.011935982	0.008892635	0.19904122	
0.004841773	0.0052658957	0.0054870616	0.0053266045	0.0075238245	0.004806007	0.9453745	0.0077282083	0.0057577183	0.007888479	
0.0032936304	0.0035821411	0.506019	0.0036234385	0.005118103	0.0032693003	0.46055442	0.0052571334	0.003916705	0.00536617	
0.003293616	0.0035821255	0.0037325735	0.44786528	0.0051180804	0.0032692861	0.0035978393	0.3066642	0.003916688	0.21896031	
0.0063293106	0.18221875	0.0071728514	0.23260084	0.009835374	0.0062825563	0.006913934	0.5308077	0.007526662	0.010312093	
0.39067698	0.004263783	0.0044428604	0.0043129385	0.0060920217	0.003891412	0.004282487	0.006257504	0.56939274	0.0063872924	
0.0039203633	0.0042637736	0.0044428506	0.95580035	0.006092008	0.0038914036	0.004282478	0.0062574963	0.0046620006	0.0063872924	
0.0048417416	0.0052658613	0.0054870257	0.00532657	0.007523772	0.0048059756	0.9453747	0.0077281627	0.005757681	0.007888494	
0.6544646	0.0038933603	0.0040568803	0.3087553	0.005562766	0.0035533397	0.0039104396	0.005713885	0.004256991	0.0058323913	
0.1872506	0.0052659716	0.0054871407	0.005326682	0.0075239437	0.004806076	0.36225182	0.007728317	0.0057578017	0.4086017	
0.016416226	0.01785423	0.018604102	0.8149172	0.02550982	0.016294958	0.017932553	0.026202794	0.019521775	0.02674629	
0.0063292664	0.0068836883	0.92885125	0.006963048	0.009835297	0.006282512	0.0069138855	0.010102465	0.007526609	0.010312007	
0.0019155075	0.0020832992	0.0021707972	0.002107317	0.97927314	0.0019013576	0.0020924383	0.0030574373	0.0022778749	0.0031208491	
0.0017525668	0.0019060856	0.0019861406	0.0019280603	0.98103625	0.0017396206	0.0019144472	0.0027973603	0.0020841097	0.002855379	
0.0019155112	0.0020833034	0.0021708014	0.0021073213	0.97927314	0.0019013613	0.0020924422	0.0030574433	0.0022778793	0.0031208552	
0.0043326053	0.6169785	0.0049100346	0.004766451	0.006732611	0.0043006004	0.004732798	0.34103522	0.0051522288	0.0070589203	
0.0017525562	0.001906074	0.0019861285	0.0019280487	0.98103637	0.00173961	0.0019144355	0.0027973426	0.0020840971	0.0028553598	
0.0043326095	0.0047121313	0.0049100392	0.0047664563	0.006732616	0.44030517	0.5151143	0.0069155116	0.005152234	0.007058925	
0.12268765	0.005265863	0.0054870276	0.005326572	0.0075237746	0.004805977	0.005288963	0.007728152	0.005757683	0.8301284	
0.007477978	0.008133023	0.008474607	0.008226786	0.011620344	0.38091972	0.008168701	0.011935983	0.5428593	0.012183538	
0.003579743	0.003893316	0.004056834	0.58407176	0.005562703	0.0035532995	0.0039103953	0.005713816	0.37982583	0.0058323233	
0.0035797635	0.0038933384	0.0040568574	0.0039382237	0.005562735	0.0035533197	0.0039104177	0.0057138395	0.13246477	0.83332676	
0.0030498102	0.0033169629	0.0034562743	0.0033552032	0.004739223	0.003027281	0.0033315136	0.14726703	0.8234878	0.0049689193	
0.0035798494	0.003893432	0.0040569548	0.003938318	0.005562872	0.0035534052	0.0039105113	0.9614151	0.00425707	0.0058325017	
0.6084143	0.0033169733	0.003456285	0.0033552137	0.0047392366	0.0030272906	0.360227	0.00486798	0.003626771	0.0049689375	
0.009136107	0.009936399	0.0103537245	0.010050952	0.014196954	0.0090686185	0.0099799875	0.014582598	0.010864436	0.9018302	
0.0048417123	0.0052658296	0.0054869927	0.9454127	0.0075237257	0.0048059463	0.005288929	0.0077280975	0.005757646	0.007888381	
0.005486468	0.9380747	0.0062176785	0.0060358564	0.008525638	0.0054459395	0.00599324	0.00875724	0.0065243742	0.008938856	
0.69407123	0.2691039	0.004056868	0.003938234	0.0055627585	0.003553329	0.003910428	0.0057138624	0.0042569786	0.005832378	
0.0063292976	0.0068837223	0.007172836	0.0069630826	0.009835352	0.9279606	0.0069139195	0.010102524	0.0075266464	0.01031205	
0.0032936307	0.0035821414	0.00373259	0.0036234388	0.0051181023	0.0032693006	0.0035978553	0.005257134	0.003916705	0.9646091	
0.003049856	0.0033170132	0.0034563264	0.003355254	0.0047392976	0.59054744	0.003331564	0.37960747	0.0036268146	0.004968991	
0.11900022	0.0022968824	0.0023933507	0.0023233625	0.0032817507	0.85907435	0.0023069582	0.003370894	0.002511406	0.0034408052	
0.0032936675	0.0035821814	0.003732632	0.0036234793	0.104313724	0.0032693371	0.0035978956	0.6784367	0.0039167493	0.1922337	
0.0035797777	0.0038933537	0.0040568733	0.003938239	0.0055627604	0.60210955	0.003910433	0.36285964	0.004256984	0.0058323736	
0.009136108	0.60703397	0.010353725	0.010050953	0.0141969565	0.009068619	0.009979988	0.014582616	0.010864438	0.3047326	
0.0054865973	0.17996937	0.13936442	0.0060359985	0.008525849	0.24627948	0.16464649	0.008757439	0.23199528	0.008939083	
0.0054864665	0.9380747	0.0062176767	0.0060358546	0.008525636	0.005445938	0.005993238	0.008757231	0.0065243724	0.008938863	
0.004332642	0.39974183	0.004910076	0.004766492	0.5580887	0.004300637	0.004732838	0.0069155544	0.0051522725	0.007058988	
0.0074779224	0.0081329625	0.008474545	0.008226725	0.011620245	0.007422683	0.00816864	0.9194003	0.008892563	0.012183466	
0.002839678	0.003088424	0.0032181367	0.0031240294	0.19101357	0.0028187013	0.0031019722	0.004532555	0.35450906	0.43175387	
0.0020089175	0.0021848918	0.0022766565	0.0022100809	0.0031217388	0.9771347	0.0021944763	0.0032065408	0.0023889558	0.0032730543	
0.0074779275	0.008132968	0.00847455	0.008226731	0.011620264	0.007422688	0.008168645	0.011935913	0.91635686	0.012183467	
0.2118605	0.003582139	0.0037325877	0.18743142	0.3511571	0.0032692985	0.003597853	0.0052571325	0.2247458	0.005366172	
0.0043326416	0.116144136	0.004910075	0.0047664912	0.0067326636	0.0043006362	0.3854336	0.4611685	0.0051522716	0.0070589744	
0.0028396477	0.27689335	0.0032181025	0.0031239963	0.3521234	0.14176403	0.20750155	0.004532509	0.00337684	0.004626512	
0.0048417393	0.005265859	0.0054870234	0.0053265677	0.0075237784	0.7110792	0.005288959	0.0077281496	0.0057576783	0.2417011	
0.004332646	0.15342939	0.00491008	0.004766496	0.006732669	0.0043006404	0.0047328416	0.006915566	0.0051522767	0.8047274	
0.011739022	0.01276732	0.013303543	0.01291451	0.018241724	0.011652306	0.8675587	0.018737238	0.013959759	0.019125853	
0.003920432	0.0042638485	0.004442929	0.004313005	0.0060921125	0.003891472	0.004282553	0.006257598	0.0046620825	0.95787394	
0.003920376	0.004263787	0.0044428646	0.5385703	0.0060920264	0.003891416	0.0042824913	0.0062575084	0.4218919	0.0063872915	
0.0043325955	0.9510983	0.004910023	0.0047664405	0.00673259	0.0043005906	0.0047327867	0.0069154785	0.0051522166	0.0070589255	
0.005486466	0.0059670615	0.006217676	0.006035854	0.008525645	0.0054459376	0.0059932377	0.008757229	0.3336753	0.6138956	
0.9697828	0.0028892756	0.003010624	0.0029225852	0.004128153	0.002636945	0.0029019502	0.0042402986	0.0031591274	0.004328227	
0.13530047	0.0027142733	0.0028282718	0.0027455655	0.47421235	0.0024772265	0.0027261802	0.36996177	0.0029677805	0.00406607	
0.005486428	0.00596702	0.0062176324	0.0060358117	0.008525577	0.0054458994	0.005993196	0.94086534	0.0065243263	0.008938801	
0.0021118796	0.002296873	0.002393341	0.002323353	0.003281738	0.9759628	0.0023069489	0.003370879	0.0025113958	0.0034407899	
0.0024956628	0.0027142742	0.002828273	0.0027455664	0.07576806	0.0024772275	0.074127	0.82981	0.0029677814	0.0040660766	
0.016416194	0.017854195	0.018604066	0.018060032	0.025509771	0.016294928	0.017932517	0.82306033	0.019521737	0.02674623	
0.009136164	0.009936459	0.2908609	0.010051014	0.014197041	0.009068674	0.61641747	0.014582682	0.010864503	0.014885135	
0.016416308	0.01785432	0.018604195	0.018060157	0.025509944	0.01629504	0.4163638	0.424628	0.019521873	0.026746357	
0.005486478	0.005967075	0.0062176897	0.0060358676	0.008525656	0.20439139	0.15919623	0.5887163	0.0065243864	0.008938892	
0.003293632	0.22962193	0.0037325916	0.0036234404	0.43971044	0.003269302	0.3022086	0.0052571394	0.003916707	0.0053661903	
0.5404822	0.0052658413	0.0054870048	0.0053265495	0.0075237486	0.0048059574	0.0052889413	0.0077281394	0.005757659	0.41233388	
0.005486487	0.0059670843	0.0062177	0.006035877	0.16488492	0.005445958	0.7817414	0.00875727	0.0065243966	0.008938916	
0.011739066	0.012767368	0.47921354	0.012914559	0.4070666	0.0116523495	0.012823375	0.018737348	0.013959811	0.019125974	
0.005486515	0.005967115	0.643242	0.006035908	0.15690762	0.005445986	0.0059932913	0.008757308	0.15322535	0.008938932	
0.004841713	0.00526583	0.005486993	0.35319608	0.007523727	0.004805947	0.00528893	0.0077281054	0.0057576466	0.60010505	
0.003049824	0.003316978	0.96571624	0.0033552183	0.004739242	0.0030272948	0.0033315287	0.0048679807	0.0036267762	0.0049689515	
0.002226007	0.0024209975	0.0025226786	0.0024489085	0.0034590836	0.0022095635	0.39810574	0.27139544	0.3115849	0.0036267329	
0.0019155238	0.0020833171	0.28612512	0.002107335	0.69531864	0.0019013737	0.002092456	0.003057464	0.0022778942	0.0031208836	
0.0016151571	0.0017566393	0.0018304175	0.0017768911	0.982523	0.001603226	0.0017643452	0.0025780378	0.0019207054	0.0026315115	
0.011739236	0.012767553	0.0133037865	0.012914747	0.01824214	0.011652519	0.8675562	0.018737577	0.013960014	0.019126203	
0.003920355	0.0042637647	0.95593035	0.0043129204	0.0060919975	0.0038913954	0.004282469	0.0062574754	0.004661991	0.0063872556	
0.0030498523	0.9655765	0.003456322	0.0033552498	0.0047392854	0.003027323	0.0033315597	0.0048680287	0.00362681	0.0049689985	
0.0054865037	0.9380743	0.006217719	0.006035896	0.008525696	0.0054459753	0.005993279	0.008757293	0.0065244166	0.008938917	
0.004841766	0.24017501	0.0054870537	0.005326597	0.00752381	0.004806	0.005288988	0.22479299	0.49386927	0.007888494	
0.0048417747	0.0052658976	0.0054870634	0.0053266063	0.0075238254	0.004806008	0.9453743	0.0077282093	0.00575772	0.007888522	
0.0074779443	0.008132987	0.008474569	0.3078383	0.011620274	0.0074227047	0.008168664	0.61978847	0.008892589	0.012183517	
0.0063292477	0.0068836682	0.0071727796	0.39460573	0.009835272	0.0062824935	0.006913865	0.010102435	0.5415625	0.010311978	
0.0054864916	0.005967089	0.006217705	0.006035882	0.008525673	0.005445963	0.005993265	0.008757276	0.0065244017	0.94104624	
0.00484174	0.0052658594	0.005487024	0.005326568	0.0075237732	0.0048059737	0.6767531	0.27634978	0.005757679	0.007888435	
0.0054864693	0.005967065	0.00621768	0.006035858	0.008525643	0.005445941	0.0059932414	0.94086486	0.0065243756	0.008938862	
0.0016810511	0.0018283054	0.0019050936	0.0018493833	0.0026122555	0.98086643	0.0018363257	0.0026832104	0.001999065	0.002738862	
0.011739045	0.012767346	0.01330357	0.0129145365	0.01824177	0.01165233	0.0128233535	0.87347233	0.013959787	0.019125925	
0.8960808	0.009936432	0.010353759	0.010050987	0.014197053	0.009068649	0.009980021	0.014582682	0.010864473	0.01488515	
0.004332642	0.0047121663	0.50222737	0.0047664917	0.0067326645	0.0043006367	0.0047328374	0.4559839	0.005152272	0.0070589846	
0.00548654	0.005967142	0.00621776	0.0060359356	0.008525755	0.005446011	0.0059933187	0.1796139	0.00652446	0.77018917	
0.0030498304	0.003316985	0.13669235	0.0033552255	0.0047392575	0.12120196	0.0033315357	0.71571714	0.0036267838	0.004968958	
0.004332578	0.004712097	0.0049100034	0.0047664214	0.0067325654	0.0043005734	0.95111924	0.006915442	0.005152196	0.007058872	
0.006329254	0.0068836748	0.0071727866	0.0069630346	0.009835275	0.0062824995	0.76261264	0.010102437	0.007526594	0.17629178	
0.3114379	0.0033169775	0.0034562894	0.0033552179	0.004739242	0.2911944	0.0033315283	0.2140136	0.0036267757	0.16152807	
0.0028396612	0.0030884058	0.6027481	0.0031240112	0.004412664	0.0028186848	0.003101954	0.0045325323	0.003376856	0.36995715	
0.0019155098	0.002083302	0.0021707998	0.0021073197	0.97927314	0.00190136	0.0020924408	0.0030574433	0.0022778776	0.0031208622	
0.002225988	0.002420977	0.0025226574	0.0024488878	0.0034590592	0.18726584	0.0024315973	0.29403278	0.49956545	0.0036267163	
0.0028396267	0.0030883683	0.0032180788	0.0031239733	0.004412609	0.0028186506	0.29900274	0.48264462	0.003376815	0.19547454	
0.0039203838	0.004263796	0.004442874	0.004312952	0.006092051	0.003891424	0.0042825	0.0062575554	0.95614916	0.0063873082	
0.0020089194	0.002184894	0.0022766585	0.0022100827	0.9782623	0.0019940794	0.0021944784	0.003206544	0.002388958	0.003273055	
0.0030498696	0.0033170276	0.0034563416	0.0033552686	0.4762601	0.49376592	0.0033315786	0.004868058	0.0036268304	0.004969029	
0.003049861	0.0033170183	0.0034563318	0.2928062	0.0047393115	0.0030273315	0.0033315693	0.67767656	0.0036268202	0.0049690055	
0.005486531	0.0059671323	0.00621775	0.1572703	0.008525742	0.005446002	0.005993309	0.008757335	0.006524449	0.78981143	
0.54240245	0.40115836	0.0062177116	0.0060358886	0.008525686	0.0054459684	0.0059932717	0.008757285	0.0065244087	0.008938914	
0.0035798063	0.0038933852	0.004056906	0.0039382707	0.0055628107	0.0035533623	0.28060502	0.0057139127	0.0042570187	0.6848395	
0.4014212	0.0038933596	0.3251227	0.003938245	0.0055627683	0.003553339	0.003910439	0.0057138824	0.0042569907	0.2426271	
0.004332741	0.42801905	0.0049101883	0.0047666007	0.0067328154	0.004300735	0.004732946	0.28944328	0.00515239	0.24760932	
0.005486503	0.79448533	0.006217718	0.0060358946	0.008525705	0.005445974	0.0059932778	0.008757293	0.15011337	0.008938923	
0.0032935918	0.003582099	0.962976	0.003623396	0.0051180427	0.003269262	0.0035978127	0.0052570673	0.003916659	0.0053660995	
0.0043326546	0.0047121807	0.59185785	0.0047665057	0.36617044	0.0043006497	0.004732852	0.006915586	0.0051522874	0.0070590223	
0.0054865293	0.31654236	0.006217748	0.006035924	0.008525733	0.0054460005	0.0059933066	0.20292926	0.006524447	0.4362987	
0.009136122	0.009936415	0.01035374	0.010050968	0.014196993	0.009068633	0.009980003	0.90152764	0.010864453	0.014885072	
0.004841736	0.0052658557	0.0054870197	0.005326564	0.0075237723	0.94489187	0.0052889553	0.007728147	0.0057576746	0.007888433	
0.003293634	0.962825	0.0037325937	0.0036234423	0.0051181093	0.0032693038	0.0035978588	0.0052571367	0.003916709	0.0053661778	
0.0054865372	0.005967139	0.15044215	0.31385052	0.008525749	0.005446008	0.005993315	0.38896215	0.10638747	0.008938977	
0.0063294396	0.6213414	0.3143917	0.006963239	0.009835564	0.006282684	0.0069140745	0.010102736	0.0075268154	0.010312342	
0.00433263	0.50853175	0.0049100625	0.0047664787	0.0067326566	0.004300625	0.004732825	0.006915553	0.005152258	0.44962516	
0.27955902	0.0033169878	0.0034563001	0.07908126	0.00473926	0.4668629	0.14952053	0.0048679966	0.0036267869	0.0049689533	
0.0043326425	0.004712167	0.7179669	0.0047664926	0.0067326683	0.0043006376	0.0047328384	0.24024445	0.005152273	0.007058985	
0.12342564	0.0042638066	0.5737264	0.0043129628	0.0060920585	0.26658967	0.0042825113	0.006257546	0.004662037	0.0063873185	
0.0043325806	0.0047120997	0.004910006	0.004766424	0.0067325723	0.0043005757	0.95111924	0.0069154464	0.0051521994	0.007058875	
